INSERT INTO USER (idUs, nameUs, mailUs, passUs) VALUES
  (1, 'sleroy', 'sleroy@sleroy.s', '76acf13f94533455167fac82127fb76247e1d4c2bd15adb7dd7fc2432cea7ff2');

insert into ARTIST(idAr, nameAr) values
  (1, 'Frédéric Chopin'),
  (2, 'Powerwolf'),
  (3, 'AC/DC'),
  (4, 'Rick Astley'),
  (5, 'Eduard Khil'),
  (7, 'Charles Aznavour'),
  (8, 'Jacques Brel'),
  (9, 'Günther'),
  (10, 'Mass Hysteria');

insert into GENRE(idGe, nameGe) values
  (1, 'Classique'),
  (2, 'Pop'),
  (3, 'Rock'),
  (4, 'Chanson française'),
  (5, 'Metal');

insert into ALBUM(idAl, titleAl, yearAl) values
  (1, 'Highway to Hell', 1979),
  (2, 'Blessed and Possessed', 2015),
  (3, 'Whenever You Need Somebody', 1987),
  (4, 'Matière Noire', 2015),
  (5, 'Blood Of The Saints', 2011);

insert into TRACK(idTr, titleTr, lengthTr, idGe, idAl, posTr, ytTr) values
  (1, 'Army of the Night', 222, 5, 2, 3, '1zN7J64IeBo'),
  (2, 'Highway to Hell', 224, 3, 1, 1, 'Cws3cdb-_B8'),
  (3, 'Never Gonna Give You Up', 212, 2, 3, 1, 'dQw4w9WgXcQ'),
  (4, 'Vae soli !', 308, 5, 4, 2, 'ykhGhlGmv0Q'),
  (5, 'Vector equilibrium', 285, 5, 4, 3, 'aylgFoy1MGY'),
  (6, 'Notre complot', 283, 5, 4, 4, 'DUoTJIz9v0E'),
  (7, 'L espérance et le refus', 294, 5, 4, 5, 'j3IE_nZXQ00'),
  (8, 'Tout est poison', 293, 5, 4, 6, 'TmpIdXAASVo'),
  (9, 'L enfer des dieux', 265, 5, 4, 7, 'jsJVmiqf8VA'),
  (10, 'À bout de souffle', 204, 5, 4, 8, 'XXMqTKi3zok'),
  (11, 'Matière noire', 283, 5, 4, 9, 'CFrNTv1oOwY'),
  (12, 'Plus que du metal', 221, 5, 4, 10, '-15TTF1NbO4'),
  (13, 'Mère d Iroise', 309, 5, 4, 11, 'ihuemNYj4JE'),
  (14, 'Chiens de la casse', 240, 5, 4, 1, 'Nb9R11IBX7E'),
  (15, 'Blessed and Possessed', 282, 5, 2, 1, '9Q5Qowx99Zs'),
  (16, 'Dead Until Dark', 230, 5, 2, 2, 'k0NagMDkVjg'),
  (17, 'Armata Sigtroi', 240, 5, 2, 4, '3zx1ZtxUbGE'),
  (18, 'We Are The Wild', 221, 5, 2, 5, 'xKlavaohj5o'),
  (19, 'Higher Than Heaven', 211, 5, 2, 6, 'ydccw-x_yH4'),
  (20, 'Christ & Combat', 220, 5, 2, 7, 'rXr-Kfa4_cY'),
  (21, 'Sanctus Dominus', 203, 5, 2, 8, '9Q_CuOF9flE'),
  (22, 'Sacramental Sister', 277, 5, 2, 9, '5lwxijoNhM8'),
  (23, 'All You Can Bleed', 225, 5, 2, 10, '4g5mf-j10Nk'),
  (24, 'Let There Be Night', 440, 5, 2, 11, '07a9uj60_CM'),
  (25, 'Agnus Dei', 48, 5, 5, 1, '77DlhhLQMeo'),
  (26, 'Sanctified With Dynamite', 265, 5, 5, 2, 'PhiSgXz_l20'),
  (27, 'We Drink Your Blood', 222, 5, 5, 3, 'aFH4lQuRd3s'),
  (28, 'Murder At Midnight', 287, 5, 5, 4, 'aaSdnHVXxqE'),
  (29, 'All We Need Is Blood', 216, 5, 5, 5, '1YXwfhH3MUc'),
  (30, 'Dead Boys Don t Cry', 205, 5, 5, 6, 'SD7pMLbh6qs'),
  (31, 'Son Of A Wolf', 239, 5, 5, 7, 'LHxu18lj4W8'),
  (32, 'Night Of The Werewolves', 270, 5, 5, 8, 'J52elJRuPPI'),
  (33, 'Phantom Of The Funeral', 189, 5, 5, 9, 'uiPpIGUKXwA'),
  (34, 'Die Die Crucified', 180, 5, 5, 10, 'k7ZcvDHX44o'),
  (35, 'Ira Sancti', 385, 5, 5, 11, 'yItNvFfu2M4');

insert into FEATURING(idTr, idAr) values
  (1, 2),
  (2, 3),
  (3, 4),
  (4, 9),
  (5, 9),
  (6, 9),
  (7, 9),
  (8, 9),
  (9, 9),
  (10, 9),
  (11, 9),
  (12, 9),
  (13, 9),
  (14, 9),
  (15, 2),
  (16, 2),
  (17, 2),
  (18, 2),
  (19, 2),
  (20, 2),
  (21, 2),
  (22, 2),
  (23, 2),
  (24, 2),
  (25, 2),
  (26, 2),
  (27, 2),
  (28, 2),
  (29, 2),
  (30, 2),
  (31, 2),
  (32, 2),
  (33, 2),
  (34, 2),
  (35, 2);
